{"cameraMode":{"drawMode":0,"name":"Shaded","section":"Shading Mode"},"sceneLighting":true,"audioPlay":false,"sceneViewState":{"m_AlwaysRefresh":false,"showFog":true,"showSkybox":true,"showFlares":true,"showImageEffects":true,"showParticleSystems":true,"showVisualEffectGraphs":true,"m_FxEnabled":true},"in2DMode":false,"pivot":{"x":6.215878486633301,"y":1.598052740097046,"z":2.363870859146118},"rotation":{"x":-0.18897438049316407,"y":0.16968564689159394,"z":-0.03364548459649086,"w":-0.9668446183204651},"size":5.2194013595581059,"orthographic":true}