{"cameraMode":{"drawMode":0,"name":"Shaded","section":"Shading Mode"},"sceneLighting":true,"audioPlay":false,"sceneViewState":{"m_AlwaysRefresh":false,"showFog":true,"showSkybox":true,"showFlares":true,"showImageEffects":true,"showParticleSystems":true,"showVisualEffectGraphs":true,"m_FxEnabled":true},"in2DMode":false,"pivot":{"x":-0.713384211063385,"y":-0.055502183735370639,"z":4.588771343231201},"rotation":{"x":-0.0014338085893541575,"y":0.2918732762336731,"z":-0.0004421393387019634,"w":-0.956508457660675},"size":55.98226547241211,"orthographic":true}