{"cameraMode":{"drawMode":0,"name":"Shaded","section":"Shading Mode"},"sceneLighting":true,"audioPlay":false,"sceneViewState":{"m_AlwaysRefresh":false,"showFog":true,"showSkybox":true,"showFlares":true,"showImageEffects":true,"showParticleSystems":true,"showVisualEffectGraphs":true,"m_FxEnabled":true},"in2DMode":false,"pivot":{"x":0.1742180734872818,"y":0.2943844795227051,"z":0.5757268667221069},"rotation":{"x":0.19023486971855164,"y":-0.7091713547706604,"z":0.20884759724140168,"w":0.6459737420082092},"size":6.931829929351807,"orthographic":false}